loss,repetition,seed,prey_difference,predator_difference,prey_relative_change,predator_relative_change
0,0,1907450643,0,0,0,0
0,1,549366289,0,0,0,0
0,2,1882327303,0,0,0,0
0,3,398055455,0,0,0,0
0,4,1760475790,0,0,0,0
0,5,752981148,0,0,0,0
0,6,623916155,0,0,0,0
0,7,571411048,0,0,0,0
0,8,917965779,0,0,0,0
0,9,1775523388,0,0,0,0
0,10,1107361436,0,0,0,0
0,11,546363620,0,0,0,0
0,12,2070895814,0,0,0,0
0,13,611075019,0,0,0,0
0,14,154913254,0,0,0,0
0,15,2145388687,0,0,0,0
0,16,626482738,0,0,0,0
0,17,1234329697,0,0,0,0
0,18,1208015207,0,0,0,0
0,19,183806882,0,0,0,0
0,20,1556255116,0,0,0,0
0,21,371267313,0,0,0,0
0,22,999815102,0,0,0,0
0,23,487803224,0,0,0,0
0,24,589690308,0,0,0,0
0,25,841704577,0,0,0,0
0,26,547057413,0,0,0,0
0,27,1987311736,0,0,0,0
0,28,225702053,0,0,0,0
0,29,979247296,0,0,0,0
5,0,1907450643,-150,51,-8.347245409015025,29.82456140350877
5,1,549366289,-4,34,-0.205761316872428,18.681318681318682
5,2,1882327303,-312,25,-16.631130063965884,13.966480446927374
5,3,398055455,-124,63,-6.82068206820682,39.87341772151899
5,4,1760475790,-370,46,-18.280632411067195,23.115577889447238
5,5,752981148,79,-3,4.825901038485034,-1.5384615384615385
5,6,623916155,-339,57,-18.364030335861322,35.625
5,7,571411048,-156,35,-7.938931297709924,19.553072625698324
5,8,917965779,-313,9,-15.179437439379244,4.787234042553192
5,9,1775523388,-560,20,-30.78614623419461,9.66183574879227
5,10,1107361436,-108,50,-6.398104265402844,30.864197530864196
5,11,546363620,-157,45,-8.038914490527393,22.167487684729064
5,12,2070895814,-272,2,-14.035087719298245,0.847457627118644
5,13,611075019,-207,51,-12.889165628891655,33.116883116883116
5,14,154913254,-220,50,-10.923535253227408,22.52252252252252
5,15,2145388687,-182,15,-8.71230253709909,7.042253521126761
5,16,626482738,-264,66,-16.18638871857756,39.75903614457831
5,17,1234329697,-306,38,-18.35632873425315,19.387755102040817
5,18,1208015207,-153,40,-9.058614564831261,21.62162162162162
5,19,183806882,-328,39,-17.083333333333332,20.418848167539267
5,20,1556255116,-392,20,-17.729534147444596,9.803921568627452
5,21,371267313,-351,-11,-17.376237623762375,-5.472636815920398
5,22,999815102,-330,59,-15.089163237311386,32.59668508287293
5,23,487803224,20,75,0.9652509652509652,48.701298701298704
5,24,589690308,-293,9,-13.755868544600938,4.918032786885246
5,25,841704577,233,3,13.246162592382035,1.4354066985645932
5,26,547057413,-322,26,-15.85425898572132,15.2046783625731
5,27,1987311736,148,23,9.04645476772616,11.557788944723619
5,28,225702053,-119,46,-5.537459283387622,25.555555555555557
5,29,979247296,22,21,1.167728237791932,10.24390243902439
10,0,1907450643,-343,102,-19.087367835281025,59.64912280701754
10,1,549366289,-401,61,-20.627572016460906,33.51648351648352
10,2,1882327303,-399,42,-21.26865671641791,23.463687150837988
10,3,398055455,-530,80,-29.15291529152915,50.63291139240506
10,4,1760475790,-105,61,-5.187747035573122,30.65326633165829
10,5,752981148,157,20,9.590714722052535,10.256410256410257
10,6,623916155,-653,45,-35.37378114842904,28.125
10,7,571411048,-83,87,-4.223918575063613,48.60335195530726
10,8,917965779,-276,87,-13.38506304558681,46.276595744680854
10,9,1775523388,-180,7,-9.895547003848268,3.3816425120772946
10,10,1107361436,-558,65,-33.056872037914694,40.123456790123456
10,11,546363620,-333,38,-17.05069124423963,18.7192118226601
10,12,2070895814,-446,9,-23.01341589267286,3.8135593220338984
10,13,611075019,41,47,2.5529265255292652,30.51948051948052
10,14,154913254,-628,24,-31.18172790466733,10.81081081081081
10,15,2145388687,-85,12,-4.068932503590235,5.633802816901408
10,16,626482738,-323,54,-19.803801348865726,32.53012048192771
10,17,1234329697,178,23,10.677864427114578,11.73469387755102
10,18,1208015207,-307,61,-18.17643576080521,32.972972972972975
10,19,183806882,-569,47,-29.635416666666668,24.607329842931936
10,20,1556255116,-244,33,-11.035730438715513,16.176470588235293
10,21,371267313,120,15,5.9405940594059405,7.462686567164179
10,22,999815102,-651,57,-29.766803840877916,31.49171270718232
10,23,487803224,-387,74,-18.677606177606176,48.05194805194805
10,24,589690308,-435,74,-20.422535211267604,40.43715846994535
10,25,841704577,-233,12,-13.246162592382035,5.741626794258373
10,26,547057413,-166,83,-8.173313638601675,48.538011695906434
10,27,1987311736,-161,21,-9.841075794621027,10.552763819095478
10,28,225702053,-648,68,-30.153559795253607,37.77777777777778
10,29,979247296,-87,90,-4.617834394904459,43.90243902439025
15,0,1907450643,-460,99,-25.598219254312742,57.89473684210526
15,1,549366289,-520,103,-26.748971193415638,56.59340659340659
15,2,1882327303,-621,-1,-33.10234541577825,-0.5586592178770949
15,3,398055455,-253,25,-13.916391639163916,15.822784810126583
15,4,1760475790,-696,67,-34.387351778656125,33.66834170854271
15,5,752981148,-294,44,-17.95968234575443,22.564102564102566
15,6,623916155,-637,128,-34.50704225352113,80
15,7,571411048,-719,60,-36.590330788804074,33.5195530726257
15,8,917965779,-563,75,-27.303588748787586,39.8936170212766
15,9,1775523388,-641,21,-35.239142385926336,10.144927536231885
15,10,1107361436,-384,88,-22.748815165876778,54.32098765432099
15,11,546363620,-439,60,-22.478238607270864,29.55665024630542
15,12,2070895814,-786,39,-40.55727554179567,16.52542372881356
15,13,611075019,-122,84,-7.596513075965131,54.54545454545455
15,14,154913254,-1185,43,-58.83813306852036,19.36936936936937
15,15,2145388687,-132,125,-6.318812829104835,58.68544600938967
15,16,626482738,-733,70,-44.94175352544451,42.16867469879518
15,17,1234329697,-510,76,-30.59388122375525,38.775510204081634
15,18,1208015207,27,35,1.5985790408525755,18.91891891891892
15,19,183806882,-377,25,-19.635416666666668,13.089005235602095
15,20,1556255116,-673,82,-30.43871551334238,40.19607843137255
15,21,371267313,-485,66,-24.00990099009901,32.83582089552239
15,22,999815102,-419,55,-19.158664837677183,30.386740331491712
15,23,487803224,-615,128,-29.68146718146718,83.11688311688312
15,24,589690308,-773,65,-36.291079812206576,35.51912568306011
15,25,841704577,-297,81,-16.884593519044913,38.75598086124402
15,26,547057413,-407,67,-20.039389463318564,39.1812865497076
15,27,1987311736,-293,87,-17.90953545232274,43.71859296482412
15,28,225702053,-619,81,-28.80409492787343,45
15,29,979247296,-307,49,-16.29511677282378,23.902439024390244
20,0,1907450643,-923,68,-51.36338341680579,39.76608187134503
20,1,549366289,-940,85,-48.35390946502058,46.7032967032967
20,2,1882327303,-691,37,-36.833688699360344,20.670391061452513
20,3,398055455,-1057,40,-58.14081408140814,25.31645569620253
20,4,1760475790,-887,34,-43.82411067193676,17.08542713567839
20,5,752981148,-177,61,-10.812461820403177,31.28205128205128
20,6,623916155,-710,78,-38.46153846153846,48.75
20,7,571411048,-944,102,-48.040712468193384,56.98324022346369
20,8,917965779,-851,80,-41.27061105722599,42.5531914893617
20,9,1775523388,-762,91,-41.89114898295767,43.96135265700483
20,10,1107361436,-730,114,-43.24644549763033,70.37037037037037
20,11,546363620,-290,76,-14.8489503328213,37.4384236453202
20,12,2070895814,-677,61,-34.932920536635706,25.847457627118644
20,13,611075019,-686,72,-42.71481942714819,46.753246753246756
20,14,154913254,-976,-5,-48.46077457795432,-2.2522522522522523
20,15,2145388687,-399,68,-19.10004786979416,31.92488262910798
20,16,626482738,-569,58,-34.886572654813,34.93975903614458
20,17,1234329697,-363,41,-21.775644871025793,20.918367346938776
20,18,1208015207,-427,70,-25.281231497927767,37.83783783783784
20,19,183806882,-915,90,-47.65625,47.12041884816754
20,20,1556255116,-666,11,-30.12211668928087,5.392156862745098
20,21,371267313,-549,61,-27.178217821782177,30.34825870646766
20,22,999815102,-920,88,-42.06675811614083,48.61878453038674
20,23,487803224,-598,134,-28.861003861003862,87.01298701298701
20,24,589690308,-908,49,-42.629107981220656,26.775956284153004
20,25,841704577,-543,48,-30.869812393405343,22.966507177033492
20,26,547057413,-787,42,-38.74938453963565,24.56140350877193
20,27,1987311736,-525,51,-32.090464547677264,25.628140703517587
20,28,225702053,-572,87,-26.617031177291764,48.333333333333336
20,29,979247296,-457,56,-24.256900212314225,27.317073170731707
25,0,1907450643,-1017,21,-56.59432387312187,12.280701754385966
25,1,549366289,-955,62,-49.12551440329218,34.065934065934066
25,2,1882327303,-1165,11,-62.10021321961621,6.145251396648045
25,3,398055455,-1164,39,-64.02640264026402,24.68354430379747
25,4,1760475790,-1176,17,-58.10276679841897,8.542713567839195
25,5,752981148,-399,57,-24.373854612095297,29.23076923076923
25,6,623916155,-937,66,-50.75839653304442,41.25
25,7,571411048,-1003,82,-51.04325699745547,45.81005586592179
25,8,917965779,-861,57,-41.75557710960233,30.319148936170212
25,9,1775523388,-488,45,-26.827927432655304,21.73913043478261
25,10,1107361436,-775,61,-45.91232227488152,37.65432098765432
25,11,546363620,-1160,16,-59.3958013312852,7.8817733990147785
25,12,2070895814,-741,4,-38.23529411764706,1.694915254237288
25,13,611075019,-532,111,-33.125778331257784,72.07792207792208
25,14,154913254,-1205,-2,-59.83118172790467,-0.9009009009009009
25,15,2145388687,-859,65,-41.12015318334131,30.516431924882628
25,16,626482738,-1033,20,-63.33537706928265,12.048192771084338
25,17,1234329697,-693,34,-41.571685662867424,17.346938775510203
25,18,1208015207,-949,69,-56.18709295441089,37.2972972972973
25,19,183806882,-1067,30,-55.572916666666664,15.706806282722512
25,20,1556255116,-1508,19,-68.20443238353685,9.313725490196079
25,21,371267313,-567,61,-28.06930693069307,30.34825870646766
25,22,999815102,-1428,48,-65.29492455418381,26.519337016574585
25,23,487803224,-663,128,-31.998069498069498,83.11688311688312
25,24,589690308,-1167,57,-54.7887323943662,31.147540983606557
25,25,841704577,-605,58,-34.39454235361001,27.751196172248804
25,26,547057413,-1133,61,-55.78532742491384,35.67251461988304
25,27,1987311736,-878,12,-53.66748166259169,6.030150753768845
25,28,225702053,-1143,75,-53.18752908329456,41.666666666666664
25,29,979247296,-952,23,-50.530785562632694,11.21951219512195
30,0,1907450643,-1044,63,-58.09682804674458,36.8421052631579
30,1,549366289,-1245,7,-64.04320987654322,3.8461538461538463
30,2,1882327303,-851,23,-45.362473347547976,12.849162011173185
30,3,398055455,-1164,-2,-64.02640264026402,-1.2658227848101267
30,4,1760475790,-1188,-42,-58.69565217391305,-21.105527638190956
30,5,752981148,-299,56,-18.26511912034209,28.71794871794872
30,6,623916155,-803,61,-43.49945828819068,38.125
30,7,571411048,-1132,32,-57.608142493638674,17.877094972067038
30,8,917965779,-936,65,-45.39282250242483,34.57446808510638
30,9,1775523388,-868,6,-47.71852666300165,2.898550724637681
30,10,1107361436,-881,60,-52.191943127962084,37.03703703703704
30,11,546363620,-797,23,-40.809011776753714,11.330049261083744
30,12,2070895814,-1176,4,-60.68111455108359,1.694915254237288
30,13,611075019,-824,9,-51.307596513075964,5.8441558441558445
30,14,154913254,-1011,-27,-50.198609731876864,-12.162162162162161
30,15,2145388687,-1203,35,-57.587362374341794,16.431924882629108
30,16,626482738,-986,69,-60.45370938074801,41.566265060240966
30,17,1234329697,-1056,-3,-63.34733053389322,-1.530612244897959
30,18,1208015207,-1123,-32,-66.4890467732386,-17.2972972972973
30,19,183806882,-744,122,-38.75,63.87434554973822
30,20,1556255116,-1413,-11,-63.90773405698779,-5.392156862745098
30,21,371267313,-1097,-53,-54.306930693069305,-26.3681592039801
30,22,999815102,-800,68,-36.57978966620942,37.569060773480665
30,23,487803224,-1038,118,-50.0965250965251,76.62337662337663
30,24,589690308,-1052,15,-49.389671361502344,8.19672131147541
30,25,841704577,-767,-18,-43.60432063672541,-8.61244019138756
30,26,547057413,-1019,19,-50.17232890201871,11.11111111111111
30,27,1987311736,-733,-49,-44.80440097799511,-24.623115577889447
30,28,225702053,-1382,12,-64.30898092135877,6.666666666666667
30,29,979247296,-728,25,-38.6411889596603,12.195121951219512
35,0,1907450643,-1090,18,-60.65664997217585,10.526315789473685
35,1,549366289,-1070,-18,-55.041152263374485,-9.89010989010989
35,2,1882327303,-1308,-41,-69.7228144989339,-22.905027932960895
35,3,398055455,-1067,-76,-58.69086908690869,-48.10126582278481
35,4,1760475790,-1495,-44,-73.86363636363636,-22.110552763819097
35,5,752981148,-843,-32,-51.496640195479536,-16.41025641025641
35,6,623916155,-1022,-36,-55.362946912242684,-22.5
35,7,571411048,-1204,54,-61.27226463104326,30.16759776536313
35,8,917965779,-1054,-107,-51.115421920465565,-56.91489361702128
35,9,1775523388,-1208,-22,-66.41011544804837,-10.628019323671497
35,10,1107361436,-1038,14,-61.492890995260666,8.641975308641975
35,11,546363620,-1084,22,-55.504352278545824,10.83743842364532
35,12,2070895814,-1276,-63,-65.84107327141383,-26.694915254237287
35,13,611075019,-894,23,-55.666251556662516,14.935064935064934
35,14,154913254,-1503,-50,-74.62760675273088,-22.52252252252252
35,15,2145388687,-1000,-11,-47.86979415988511,-5.164319248826291
35,16,626482738,-960,-15,-58.859595340282034,-9.036144578313253
35,17,1234329697,-911,-21,-54.649070185962806,-10.714285714285714
35,18,1208015207,-1195,-63,-70.75192421551213,-34.054054054054056
35,19,183806882,-1343,-48,-69.94791666666667,-25.130890052356023
35,20,1556255116,-1414,-18,-63.95296246042515,-8.823529411764707
35,21,371267313,-1061,-33,-52.524752475247524,-16.417910447761194
35,22,999815102,-1027,49,-46.95930498399634,27.07182320441989
35,23,487803224,-1031,35,-49.75868725868726,22.727272727272727
35,24,589690308,-1444,14,-67.79342723004694,7.6502732240437155
35,25,841704577,-756,-76,-42.97896532120523,-36.36363636363637
35,26,547057413,-1165,42,-57.36090595765633,24.56140350877193
35,27,1987311736,-828,-4,-50.61124694376528,-2.0100502512562812
35,28,225702053,-1187,17,-55.234993020009306,9.444444444444445
35,29,979247296,-739,-29,-39.225053078556265,-14.146341463414634
40,0,1907450643,-878,-12,-48.85920979410128,-7.017543859649122
40,1,549366289,-1352,-46,-69.54732510288066,-25.274725274725274
40,2,1882327303,-1323,-94,-70.5223880597015,-52.513966480446925
40,3,398055455,-959,-58,-52.75027502750275,-36.70886075949367
40,4,1760475790,-1411,-48,-69.71343873517786,-24.12060301507538
40,5,752981148,-877,-36,-53.57361026267563,-18.46153846153846
40,6,623916155,-1195,-9,-64.73456121343445,-5.625
40,7,571411048,-584,-59,-29.720101781170484,-32.960893854748605
40,8,917965779,-1177,-10,-57.08050436469447,-5.319148936170213
40,9,1775523388,-879,-56,-48.32325453545904,-27.053140096618357
40,10,1107361436,-1124,-24,-66.58767772511848,-14.814814814814815
40,11,546363620,-1030,-100,-52.73937532002048,-49.26108374384236
40,12,2070895814,-1012,-96,-52.218782249742,-40.67796610169491
40,13,611075019,-1103,-55,-68.6799501867995,-35.714285714285715
40,14,154913254,-1304,-130,-64.746772591857,-58.55855855855856
40,15,2145388687,-1302,-35,-62.32647199617042,-16.431924882629108
40,16,626482738,-1210,-14,-74.18761496014714,-8.433734939759036
40,17,1234329697,-1037,-54,-62.20755848830234,-27.551020408163264
40,18,1208015207,-875,-44,-51.805802249851986,-23.783783783783782
40,19,183806882,-1076,-54,-56.041666666666664,-28.272251308900522
40,20,1556255116,-1573,-89,-71.14427860696517,-43.627450980392155
40,21,371267313,-1397,-88,-69.15841584158416,-43.78109452736319
40,22,999815102,-1076,20,-49.19981710105167,11.049723756906078
40,23,487803224,-1183,66,-57.0945945945946,42.857142857142854
40,24,589690308,-1609,-61,-75.53990610328638,-33.333333333333336
40,25,841704577,-1082,-48,-61.51222285389426,-22.966507177033492
40,26,547057413,-1302,-62,-64.10635155096011,-36.25730994152047
40,27,1987311736,-850,-111,-51.955990220048896,-55.778894472361806
40,28,225702053,-1472,-82,-68.49697533736622,-45.55555555555556
40,29,979247296,-1161,-83,-61.62420382165605,-40.48780487804878
45,0,1907450643,-1217,-51,-67.72398441847524,-29.82456140350877
45,1,549366289,-1207,-75,-62.08847736625514,-41.20879120879121
45,2,1882327303,-1016,-94,-54.15778251599147,-52.513966480446925
45,3,398055455,-1176,-94,-64.68646864686468,-59.49367088607595
45,4,1760475790,-1428,-81,-70.55335968379447,-40.7035175879397
45,5,752981148,-875,-92,-53.451435552840564,-47.17948717948718
45,6,623916155,-1304,-72,-70.63921993499459,-45
45,7,571411048,-1164,-80,-59.23664122137404,-44.6927374301676
45,8,917965779,-1315,-58,-63.77303588748788,-30.851063829787233
45,9,1775523388,-869,-110,-47.77350192413414,-53.14009661835749
45,10,1107361436,-1154,-45,-68.36492890995261,-27.77777777777778
45,11,546363620,-1268,-77,-64.92575524833589,-37.93103448275862
45,12,2070895814,-1312,-132,-67.69865841073272,-55.932203389830505
45,13,611075019,-1044,-119,-65.00622665006226,-77.27272727272727
45,14,154913254,-1531,-103,-76.01787487586891,-46.3963963963964
45,15,2145388687,-1262,-138,-60.411680229775016,-64.78873239436619
45,16,626482738,-891,-72,-54.62906192519927,-43.373493975903614
45,17,1234329697,-915,-89,-54.88902219556089,-45.40816326530612
45,18,1208015207,-977,-70,-57.84487862640616,-37.83783783783784
45,19,183806882,-1121,-100,-58.385416666666664,-52.35602094240838
45,20,1556255116,-1681,-88,-76.02894617819992,-43.13725490196079
45,21,371267313,-1306,-150,-64.65346534653466,-74.6268656716418
45,22,999815102,-1364,-16,-62.36854138088706,-8.839779005524862
45,23,487803224,-1468,-42,-70.84942084942085,-27.272727272727273
45,24,589690308,-1304,-32,-61.220657276995304,-17.48633879781421
45,25,841704577,-1081,-101,-61.45537237066515,-48.32535885167464
45,26,547057413,-1216,-85,-59.87198424421467,-49.707602339181285
45,27,1987311736,-798,-99,-48.77750611246944,-49.74874371859296
45,28,225702053,-1556,-63,-72.40577012563983,-35
45,29,979247296,-1050,-120,-55.732484076433124,-58.53658536585366
50,0,1907450643,-928,-90,-51.64162493043962,-52.63157894736842
50,1,549366289,-1260,-132,-64.81481481481481,-72.52747252747253
50,2,1882327303,-1172,-101,-62.47334754797441,-56.42458100558659
50,3,398055455,-1102,-80,-60.61606160616061,-50.63291139240506
50,4,1760475790,-1103,-93,-54.49604743083004,-46.733668341708544
50,5,752981148,-1082,-89,-66.09651802076971,-45.64102564102564
50,6,623916155,-1293,-76,-70.04333694474539,-47.5
50,7,571411048,-1266,-97,-64.42748091603053,-54.18994413407821
50,8,917965779,-1390,-107,-67.41028128031037,-56.91489361702128
50,9,1775523388,-1249,-148,-68.66410115448048,-71.4975845410628
50,10,1107361436,-686,-46,-40.639810426540286,-28.395061728395063
50,11,546363620,-1122,-61,-57.45007680491551,-30.049261083743843
50,12,2070895814,-1362,-164,-70.27863777089783,-69.49152542372882
50,13,611075019,-940,-68,-58.53051058530511,-44.15584415584416
50,14,154913254,-1217,-159,-60.427010923535256,-71.62162162162163
50,15,2145388687,-1407,-120,-67.35280038295835,-56.33802816901409
50,16,626482738,-864,-88,-52.97363580625383,-53.01204819277108
50,17,1234329697,-871,-128,-52.249550089982,-65.3061224489796
50,18,1208015207,-1057,-112,-62.581409117821195,-60.54054054054054
50,19,183806882,-1218,-133,-63.4375,-69.63350785340315
50,20,1556255116,-1652,-145,-74.71732247851651,-71.07843137254902
50,21,371267313,-1531,-132,-75.79207920792079,-65.67164179104478
50,22,999815102,-1598,-77,-73.06812985825331,-42.5414364640884
50,23,487803224,-1051,-97,-50.72393822393823,-62.98701298701299
50,24,589690308,-1580,-114,-74.17840375586854,-62.295081967213115
50,25,841704577,-670,-137,-38.08982376350199,-65.55023923444976
50,26,547057413,-1095,-121,-53.91432791728213,-70.76023391812865
50,27,1987311736,-1116,-139,-68.21515892420538,-69.84924623115577
50,28,225702053,-1415,-72,-65.84457887389483,-40
50,29,979247296,-1331,-104,-70.64755838641189,-50.73170731707317
55,0,1907450643,-1043,-64,-58.04117974401781,-37.42690058479532
55,1,549366289,-1139,-139,-58.59053497942387,-76.37362637362638
55,2,1882327303,-1171,-126,-62.42004264392324,-70.39106145251397
55,3,398055455,-1218,-113,-66.996699669967,-71.51898734177215
55,4,1760475790,-1329,-148,-65.66205533596838,-74.37185929648241
55,5,752981148,-905,-85,-55.28405620036652,-43.58974358974359
55,6,623916155,-1174,-128,-63.596966413867825,-80
55,7,571411048,-1192,-101,-60.661577608142494,-56.42458100558659
55,8,917965779,-1007,-141,-48.8360814742968,-75
55,9,1775523388,-1047,-131,-57.55909840571743,-63.28502415458937
55,10,1107361436,-1039,-103,-61.552132701421804,-63.58024691358025
55,11,546363620,-1010,-116,-51.71530977982591,-57.142857142857146
55,12,2070895814,-1244,-156,-64.18988648090816,-66.10169491525424
55,13,611075019,-851,-66,-52.98879202988792,-42.857142857142854
55,14,154913254,-1329,-156,-65.98808341608739,-70.27027027027027
55,15,2145388687,-1403,-150,-67.16132120631882,-70.4225352112676
55,16,626482738,-965,-107,-59.166155732679336,-64.4578313253012
55,17,1234329697,-1177,-112,-70.60587882423515,-57.142857142857146
55,18,1208015207,-1215,-130,-71.9360568383659,-70.27027027027027
55,19,183806882,-1125,-139,-58.59375,-72.77486910994764
55,20,1556255116,-1616,-136,-73.0890999547716,-66.66666666666667
55,21,371267313,-1272,-150,-62.97029702970297,-74.6268656716418
55,22,999815102,-1428,-64,-65.29492455418381,-35.35911602209945
55,23,487803224,-1404,-68,-67.76061776061776,-44.15584415584416
55,24,589690308,-1367,-141,-64.17840375586854,-77.04918032786885
55,25,841704577,-1020,-139,-57.9874928936896,-66.50717703349282
55,26,547057413,-1242,-124,-61.152141802067945,-72.51461988304094
55,27,1987311736,-919,-133,-56.173594132029336,-66.83417085427136
55,28,225702053,-1481,-118,-68.91577477896696,-65.55555555555556
55,29,979247296,-1175,-142,-62.367303609341825,-69.26829268292683
60,0,1907450643,-1300,-121,-72.34279354479689,-70.76023391812865
60,1,549366289,-1122,-152,-57.71604938271605,-83.51648351648352
60,2,1882327303,-1133,-130,-60.39445628997868,-72.62569832402235
60,3,398055455,-1045,-146,-57.48074807480748,-92.40506329113924
60,4,1760475790,-1167,-145,-57.65810276679842,-72.8643216080402
60,5,752981148,-747,-145,-45.63225412339646,-74.35897435897436
60,6,623916155,-1257,-140,-68.0931744312026,-87.5
60,7,571411048,-1013,-158,-51.55216284987277,-88.26815642458101
60,8,917965779,-1239,-141,-60.08729388942774,-75
60,9,1775523388,-986,-151,-54.205607476635514,-72.94685990338164
60,10,1107361436,-1020,-114,-60.426540284360186,-70.37037037037037
60,11,546363620,-1263,-146,-64.66973886328725,-71.92118226600985
60,12,2070895814,-1368,-187,-70.58823529411765,-79.23728813559322
60,13,611075019,-1038,-108,-64.63262764632627,-70.12987012987013
60,14,154913254,-1164,-201,-57.79543197616683,-90.54054054054055
60,15,2145388687,-1297,-157,-62.08712302537099,-73.70892018779342
60,16,626482738,-978,-113,-59.96321275291233,-68.07228915662651
60,17,1234329697,-951,-148,-57.04859028194361,-75.51020408163265
60,18,1208015207,-1134,-139,-67.14031971580818,-75.13513513513513
60,19,183806882,-1146,-166,-59.6875,-86.91099476439791
60,20,1556255116,-1574,-146,-71.18950701040254,-71.56862745098039
60,21,371267313,-1398,-157,-69.20792079207921,-78.1094527363184
60,22,999815102,-1524,-124,-69.68449931412894,-68.50828729281768
60,23,487803224,-1597,-64,-77.07528957528957,-41.55844155844156
60,24,589690308,-1439,-131,-67.55868544600939,-71.5846994535519
60,25,841704577,-688,-184,-39.11313246162592,-88.03827751196172
60,26,547057413,-1186,-134,-58.39487936976859,-78.3625730994152
60,27,1987311736,-876,-188,-53.54523227383863,-94.47236180904522
60,28,225702053,-1147,-123,-53.373662168450444,-68.33333333333333
60,29,979247296,-1180,-142,-62.632696390658175,-69.26829268292683
65,0,1907450643,-1106,-154,-61.54702281580412,-90.05847953216374
65,1,549366289,-1374,-146,-70.67901234567901,-80.21978021978022
65,2,1882327303,-1243,-165,-66.25799573560768,-92.17877094972067
65,3,398055455,-1077,-150,-59.240924092409244,-94.9367088607595
65,4,1760475790,-1068,-158,-52.76679841897233,-79.39698492462311
65,5,752981148,-851,-163,-51.985339034819795,-83.58974358974359
65,6,623916155,-1270,-138,-68.79739978331527,-86.25
65,7,571411048,-1266,-151,-64.42748091603053,-84.35754189944134
65,8,917965779,-1327,-180,-64.35499515033948,-95.74468085106383
65,9,1775523388,-1077,-178,-59.20835623969214,-85.99033816425121
65,10,1107361436,-1098,-150,-65.04739336492891,-92.5925925925926
65,11,546363620,-1054,-174,-53.96825396825397,-85.71428571428571
65,12,2070895814,-1138,-215,-58.7203302373581,-91.10169491525424
65,13,611075019,-949,-141,-59.09090909090909,-91.55844155844156
65,14,154913254,-1367,-214,-67.87487586891757,-96.3963963963964
65,15,2145388687,-1313,-179,-62.85303973192915,-84.03755868544602
65,16,626482738,-954,-137,-58.49172286940527,-82.53012048192771
65,17,1234329697,-889,-163,-53.32933413317337,-83.16326530612245
65,18,1208015207,-1060,-144,-62.75902901124926,-77.83783783783784
65,19,183806882,-1309,-163,-68.17708333333333,-85.34031413612566
65,20,1556255116,-1432,-197,-64.7670737222976,-96.56862745098039
65,21,371267313,-1172,-182,-58.01980198019802,-90.54726368159204
65,22,999815102,-1481,-163,-67.71833561957018,-90.05524861878453
65,23,487803224,-1215,-126,-58.63899613899614,-81.81818181818181
65,24,589690308,-1319,-133,-61.924882629107984,-72.6775956284153
65,25,841704577,-1077,-193,-61.22797043774872,-92.3444976076555
65,26,547057413,-1165,-160,-57.36090595765633,-93.5672514619883
65,27,1987311736,-932,-189,-56.9682151589242,-94.9748743718593
65,28,225702053,-1565,-146,-72.82456956724057,-81.11111111111111
65,29,979247296,-1113,-186,-59.07643312101911,-90.73170731707317
70,0,1907450643,-841,-171,-46.800222593210904,-100
70,1,549366289,-1479,-154,-76.08024691358025,-84.61538461538461
70,2,1882327303,-1577,-179,-84.06183368869937,-100
70,3,398055455,-1216,-158,-66.88668866886688,-100
70,4,1760475790,-1567,-191,-77.4209486166008,-95.97989949748744
70,5,752981148,-1218,-192,-74.40439828955407,-98.46153846153847
70,6,623916155,-1182,-159,-64.03033586132177,-99.375
70,7,571411048,-1102,-179,-56.08142493638677,-100
70,8,917965779,-1506,-177,-73.03588748787585,-94.14893617021276
70,9,1775523388,-1192,-196,-65.53051126992854,-94.68599033816425
70,10,1107361436,-1207,-162,-71.50473933649289,-100
70,11,546363620,-1347,-197,-68.97081413210445,-97.04433497536945
70,12,2070895814,-1322,-234,-68.21465428276574,-99.15254237288136
70,13,611075019,-1073,-153,-66.81195516811955,-99.35064935064935
70,14,154913254,-1368,-212,-67.9245283018868,-95.49549549549549
70,15,2145388687,-1368,-197,-65.48587841072283,-92.48826291079813
70,16,626482738,-1049,-149,-64.31637032495402,-89.75903614457832
70,17,1234329697,-1012,-196,-60.70785842831434,-100
70,18,1208015207,-969,-178,-57.37122557726465,-96.21621621621621
70,19,183806882,-1436,-189,-74.79166666666667,-98.95287958115183
70,20,1556255116,-1572,-196,-71.09905020352781,-96.07843137254902
70,21,371267313,-1643,-201,-81.33663366336634,-100
70,22,999815102,-1527,-165,-69.82167352537724,-91.16022099447514
70,23,487803224,-1326,-152,-63.996138996138995,-98.7012987012987
70,24,589690308,-1972,-183,-92.58215962441315,-100
70,25,841704577,-1399,-209,-79.53382603752132,-100
70,26,547057413,-1377,-164,-67.79911373707533,-95.90643274853801
70,27,1987311736,-585,-199,-35.75794621026895,-100
70,28,225702053,-1470,-175,-68.40390879478828,-97.22222222222223
70,29,979247296,-1200,-198,-63.69426751592356,-96.58536585365853
75,0,1907450643,-1166,-171,-64.88592097941013,-100
75,1,549366289,-1669,-182,-85.85390946502058,-100
75,2,1882327303,-1434,-179,-76.43923240938166,-100
75,3,398055455,-1551,-158,-85.31353135313532,-100
75,4,1760475790,-1516,-199,-74.90118577075098,-100
75,5,752981148,-1056,-189,-64.50824679291387,-96.92307692307692
75,6,623916155,-1626,-160,-88.08234019501626,-100
75,7,571411048,-1468,-179,-74.70737913486005,-100
75,8,917965779,-1632,-188,-79.14645974781766,-100
75,9,1775523388,-1293,-207,-71.08301264431006,-100
75,10,1107361436,-1232,-162,-72.98578199052133,-100
75,11,546363620,-1739,-203,-89.04249871991807,-100
75,12,2070895814,-1666,-236,-85.96491228070175,-100
75,13,611075019,-1150,-154,-71.60647571606475,-100
75,14,154913254,-1760,-222,-87.38828202581927,-100
75,15,2145388687,-1765,-213,-84.49018669219723,-100
75,16,626482738,-1307,-166,-80.1348865726548,-100
75,17,1234329697,-1283,-196,-76.96460707858428,-100
75,18,1208015207,-1476,-185,-87.38898756660745,-100
75,19,183806882,-1827,-191,-95.15625,-100
75,20,1556255116,-1837,-203,-83.08457711442786,-99.50980392156863
75,21,371267313,-1744,-201,-86.33663366336634,-100
75,22,999815102,-1755,-181,-80.24691358024691,-100
75,23,487803224,-1354,-154,-65.34749034749035,-100
75,24,589690308,-1579,-183,-74.13145539906104,-100
75,25,841704577,-1285,-209,-73.05287094940307,-100
75,26,547057413,-1473,-171,-72.52584933530281,-100
75,27,1987311736,-1528,-199,-93.39853300733496,-100
75,28,225702053,-1737,-180,-80.8282922289437,-100
75,29,979247296,-1317,-205,-69.90445859872611,-100
80,0,1907450643,-1576,-171,-87.70172509738453,-100
80,1,549366289,-1783,-182,-91.71810699588477,-100
80,2,1882327303,-1436,-179,-76.54584221748401,-100
80,3,398055455,-1768,-158,-97.24972497249725,-100
80,4,1760475790,-1753,-199,-86.61067193675889,-100
80,5,752981148,-1322,-195,-80.7574832009774,-100
80,6,623916155,-1465,-160,-79.36078006500541,-100
80,7,571411048,-1649,-179,-83.91857506361323,-100
80,8,917965779,-1888,-188,-91.56159068865179,-100
80,9,1775523388,-1387,-207,-76.25068719076415,-100
80,10,1107361436,-1435,-162,-85.01184834123222,-100
80,11,546363620,-1692,-203,-86.63594470046083,-100
80,12,2070895814,-1675,-236,-86.42930856553147,-100
80,13,611075019,-1170,-154,-72.85180572851806,-100
80,14,154913254,-1867,-222,-92.70109235352533,-100
80,15,2145388687,-1957,-213,-93.68118717089517,-100
80,16,626482738,-1446,-166,-88.65726548129982,-100
80,17,1234329697,-1170,-196,-70.18596280743851,-100
80,18,1208015207,-1272,-185,-75.31083481349911,-100
80,19,183806882,-1537,-191,-80.05208333333333,-100
80,20,1556255116,-2123,-204,-96.01990049751244,-100
80,21,371267313,-1821,-201,-90.14851485148515,-100
80,22,999815102,-1816,-181,-83.03612254229539,-100
80,23,487803224,-1922,-154,-92.76061776061776,-100
80,24,589690308,-1859,-183,-87.27699530516432,-100
80,25,841704577,-1666,-209,-94.71290505969301,-100
80,26,547057413,-1894,-171,-93.25455440669622,-100
80,27,1987311736,-1551,-199,-94.80440097799512,-100
80,28,225702053,-1844,-180,-85.80735225686365,-100
80,29,979247296,-1623,-205,-86.14649681528662,-100
85,0,1907450643,-1724,-171,-95.93767390094602,-100
85,1,549366289,-1906,-182,-98.04526748971193,-100
85,2,1882327303,-1838,-179,-97.97441364605544,-100
85,3,398055455,-1778,-158,-97.7997799779978,-100
85,4,1760475790,-1814,-199,-89.62450592885375,-100
85,5,752981148,-1556,-195,-95.0519242516799,-100
85,6,623916155,-1818,-160,-98.48320693391116,-100
85,7,571411048,-1930,-179,-98.21882951653944,-100
85,8,917965779,-1985,-188,-96.26576139670223,-100
85,9,1775523388,-1740,-207,-95.65695437053326,-100
85,10,1107361436,-1551,-162,-91.88388625592417,-100
85,11,546363620,-1935,-203,-99.07834101382488,-100
85,12,2070895814,-1912,-236,-98.65841073271415,-100
85,13,611075019,-1415,-154,-88.10709838107098,-100
85,14,154913254,-1896,-222,-94.14101290963258,-100
85,15,2145388687,-2023,-213,-96.84059358544758,-100
85,16,626482738,-1526,-166,-93.56223175965665,-100
85,17,1234329697,-1581,-196,-94.84103179364128,-100
85,18,1208015207,-1553,-185,-91.94789816459443,-100
85,19,183806882,-1885,-191,-98.17708333333333,-100
85,20,1556255116,-2149,-204,-97.19583898688376,-100
85,21,371267313,-1935,-201,-95.79207920792079,-100
85,22,999815102,-2136,-181,-97.66803840877915,-100
85,23,487803224,-2016,-154,-97.29729729729729,-100
85,24,589690308,-2021,-183,-94.88262910798122,-100
85,25,841704577,-1690,-209,-96.07731665719159,-100
85,26,547057413,-1977,-171,-97.34121122599704,-100
85,27,1987311736,-1608,-199,-98.2885085574572,-100
85,28,225702053,-2064,-180,-96.04467194043741,-100
85,29,979247296,-1861,-205,-98.7791932059448,-100
90,0,1907450643,-1777,-171,-98.88703394546467,-100
90,1,549366289,-1883,-182,-96.86213991769547,-100
90,2,1882327303,-1868,-179,-99.57356076759062,-100
90,3,398055455,-1798,-158,-98.8998899889989,-100
90,4,1760475790,-1938,-199,-95.75098814229248,-100
90,5,752981148,-1575,-195,-96.21258399511301,-100
90,6,623916155,-1814,-160,-98.26652221018418,-100
90,7,571411048,-1955,-179,-99.4910941475827,-100
90,8,917965779,-2043,-188,-99.07856450048497,-100
90,9,1775523388,-1766,-207,-97.08631115997801,-100
90,10,1107361436,-1665,-162,-98.63744075829383,-100
90,11,546363620,-1949,-203,-99.79518689196108,-100
90,12,2070895814,-1920,-236,-99.07120743034056,-100
90,13,611075019,-1586,-154,-98.7546699875467,-100
90,14,154913254,-1984,-222,-98.51042701092354,-100
90,15,2145388687,-2069,-213,-99.0426041168023,-100
90,16,626482738,-1583,-166,-97.05702023298589,-100
90,17,1234329697,-1653,-196,-99.16016796640672,-100
90,18,1208015207,-1673,-185,-99.05269390171699,-100
90,19,183806882,-1867,-191,-97.23958333333333,-100
90,20,1556255116,-2162,-204,-97.78380823156942,-100
90,21,371267313,-1994,-201,-98.7128712871287,-100
90,22,999815102,-2160,-181,-98.76543209876543,-100
90,23,487803224,-2027,-154,-97.82818532818533,-100
90,24,589690308,-2081,-183,-97.69953051643192,-100
90,25,841704577,-1723,-209,-97.95338260375213,-100
90,26,547057413,-2015,-171,-99.21221073362875,-100
90,27,1987311736,-1617,-199,-98.83863080684597,-100
90,28,225702053,-2132,-180,-99.208934388087485,-100
90,29,979247296,-1838,-205,-97.5583864118896,-100
95,0,1907450643,-1796,-171,-99.94435169727323,-100
95,1,549366289,-1935,-182,-99.53703703703704,-100
95,2,1882327303,-1872,-179,-99.7867803837953,-100
95,3,398055455,-1814,-158,-99.77997799779978,-100
95,4,1760475790,-2024,-198,-100,-99.49748743718592
95,5,752981148,-1615,-195,-98.65607819181429,-100
95,6,623916155,-1834,-160,-99.34994582881907,-100
95,7,571411048,-1948,-179,-99.13486005089058,-100
95,8,917965779,-2060,-188,-99.90300678952474,-100
95,9,1775523388,-1799,-207,-98.90049477735019,-100
95,10,1107361436,-1681,-162,-99.58530805687204,-100
95,11,546363620,-1949,-203,-99.79518689196108,-100
95,12,2070895814,-1937,-236,-99.9484004127967,-100
95,13,611075019,-1591,-154,-99.06600249066003,-100
95,14,154913254,-2013,-222,-99.95034756703079,-100
95,15,2145388687,-2081,-213,-99.61704164672092,-100
95,16,626482738,-1604,-166,-98.34457388105457,-100
95,17,1234329697,-1635,-196,-98.08038392321535,-100
95,18,1208015207,-1649,-185,-97.63173475429248,-100
95,19,183806882,-1915,-191,-99.73958333333333,-100
95,20,1556255116,-2204,-204,-99.68340117593849,-100
95,21,371267313,-2017,-201,-99.85148514851485,-100
95,22,999815102,-2179,-181,-99.63420210333791,-100
95,23,487803224,-2053,-154,-99.08301158301158,-100
95,24,589690308,-2123,-183,-99.67136150234742,-100
95,25,841704577,-1758,-209,-99.94314951677089,-100
95,26,547057413,-2031,-154,-100,-90.05847953216374
95,27,1987311736,-1634,-199,-99.87775061124694,-100
95,28,225702053,-2149,-174,-100,-96.66666666666667
95,29,979247296,-1879,-205,-99.73460721868365,-100
100,0,1907450643,-1797,20,-100,11.695906432748538
100,1,549366289,-1944,-24,-100,-13.186813186813186
100,2,1882327303,-1876,-21,-100,-11.731843575418994
100,3,398055455,-1818,-8,-100,-5.063291139240507
100,4,1760475790,-2024,-58,-100,-29.14572864321608
100,5,752981148,-1637,-45,-100,-23.076923076923077
100,6,623916155,-1846,16,-100,10
100,7,571411048,-1965,7,-100,3.910614525139665
100,8,917965779,-2062,14,-100,7.446808510638298
100,9,1775523388,-1819,-24,-100,-11.594202898550725
100,10,1107361436,-1688,34,-100,20.987654320987655
100,11,546363620,-1953,-7,-100,-3.4482758620689653
100,12,2070895814,-1938,-65,-100,-27.54237288135593
100,13,611075019,-1606,-12,-100,-7.792207792207792
100,14,154913254,-2014,-19,-100,-8.558558558558559
100,15,2145388687,-2089,-12,-100,-5.633802816901408
100,16,626482738,-1631,3,-100,1.8072289156626506
100,17,1234329697,-1667,-66,-100,-33.673469387755105
100,18,1208015207,-1689,-36,-100,-19.45945945945946
100,19,183806882,-1920,-28,-100,-14.659685863874346
100,20,1556255116,-2211,-24,-100,-11.764705882352942
100,21,371267313,-2020,-7,-100,-3.482587064676617
100,22,999815102,-2187,20,-100,11.049723756906078
100,23,487803224,-2072,49,-100,31.818181818181817
100,24,589690308,-2130,-48,-100,-26.229508196721312
100,25,841704577,-1759,-10,-100,-4.784688995215311
100,26,547057413,-2031,11,-100,6.432748538011696
100,27,1987311736,-1636,-16,-100,-8.040201005025125
100,28,225702053,-2149,11,-100,6.111111111111111
100,29,979247296,-1884,7,-100,3.4146341463414633
