loss,completed_runs,prey_extinction_rate,predator_extinction_rate,co_persistence_rate,stable_dynamics_rate,mean_actual_habitat_loss,median_final_preys,median_final_predators,median_final_tick
0,30,0,0,1,0.9666666666666667,0,1929,186.5,3000
5,30,0,0,1,0.8666666666666667,4.999944812971159,1712.5,223,3000
10,30,0,0,1,0.8666666666666667,9.999889625942318,1581.5,238,3000
15,30,0,0,1,0.7666666666666667,14.999834438913478,1440.5,262,3000
20,30,0,0,1,0.4666666666666667,19.999779251884636,1213.5,256.5,3000
25,30,0,0,1,0.2,24.9997240648558,922.5,231,3000
30,30,0,0,1,0.13333333333333333,29.999668877826956,913,206.5,3000
35,30,0,0,1,0,34.999613690798114,777.5,175.5,3000
40,30,0,0,1,0,39.99955850376927,726,137.5,3000
45,30,0,0,1,0,44.99950331674043,725.5,105.5,3000
50,30,0,0,1,0,50.000551870288405,691.5,78,3000
55,30,0,0,1,0,55.00049668325957,713,63,3000
60,30,0,0,1,0,60.00044149623073,729.5,48.5,3000
65,30,0,0,1,0.03333333333333333,65.00038630920189,720.5,21.5,3000
70,30,0,0.3333333333333333,0.6666666666666666,0,70.00033112217305,621.5,2.5,3000
75,30,0,0.9333333333333333,0.06666666666666667,0.03333333333333333,75.0002759351442,421,0,2669.5
80,30,0,1,0,0,80.00022074811537,261,0,2412.5
85,30,0,1,0,0,85.00016556108652,67.5,0,2282
90,30,0,1,0,0,90.00011037405768,24.5,0,2238
95,30,0.1,0.9,0,0,95.00005518702883,6,0,2199.5
100,30,1,0,0,0,100,0,182.5,2014
