loss,cause,mean_deaths,median_deaths,total_deaths,proportion
0,Crowding,4045.5666666666666,3982,121367,0.23543961000289046
0,Predation,6717.333333333333,6662,201520,0.39092826062918656
0,Starvation,6420.133333333333,6420,192604,0.373632129367923
5,Crowding,3984.6666666666665,3908.5,119540,0.2298894784312745
5,Predation,7579.666666666667,7561.5,227390,0.43729771206698603
5,Starvation,5768.633333333333,5714,173059,0.33281280950173947
10,Crowding,4052.0666666666666,4036.5,121562,0.22990579615581744
10,Predation,8470.366666666667,8444.5,254111,0.48059090642594665
10,Starvation,5102.466666666666,5119.5,153074,0.28950329741823594
15,Crowding,3953.3,3969,118599,0.22537783411215398
15,Predation,9074.1,9222,272223,0.5173149026173315
15,Starvation,4513.366666666667,4528.5,135401,0.2573072632705146
20,Crowding,3772.9333333333334,3862,113188,0.21987218088929467
20,Predation,9275.866666666667,9403.5,278276,0.5405621709823423
20,Starvation,4110.866666666667,4020.5,123326,0.23956564812836303
25,Crowding,3647.5666666666666,3636,109427,0.21859256329430002
25,Predation,9275.033333333333,9243.5,278251,0.555837218686451
25,Starvation,3764,3752.5,112920,0.22557021801924898
30,Crowding,3390.133333333333,3382.5,101704,0.2143338840745861
30,Predation,8972.233333333334,8974.5,269167,0.5672501433051219
30,Starvation,3454.7,3386,103641,0.218415972620292
35,Crowding,3190.766666666667,3152,95723,0.21535176919477342
35,Predation,8341.366666666667,8356,250241,0.5629769446744177
35,Starvation,3284.4,3166.5,98532,0.22167128613080883
40,Crowding,3046.7,3013,91401,0.22064265695270235
40,Predation,7481.9,7650.5,224457,0.541840776924024
40,Starvation,3279.7,3070,98391,0.23751656612327368
45,Crowding,2863.9333333333334,2824,85918,0.22640982396964268
45,Predation,6501.966666666666,6687,195059,0.5140165489617371
45,Starvation,3283.4333333333334,3198.5,98503,0.2595736270686202
50,Crowding,2720.3333333333335,2720,81610,0.23404542104372614
50,Predation,5535.866666666667,5553,166076,0.47628142807569984
50,Starvation,3366.9,3400,101007,0.28967315088057405
55,Crowding,2456.3,2404,73689,0.23397121438709123
55,Predation,4761.833333333333,4786.5,142855,0.4535813734922162
55,Starvation,3280.1666666666665,3352,98405,0.31244741212069255
60,Crowding,2379.0666666666666,2367.5,71372,0.252124826022142
60,Predation,3577.4666666666667,3561.5,107324,0.37912689609371136
60,Starvation,3479.5333333333333,3393,104386,0.36874827788414666
65,Crowding,2152.133333333333,2154,64564,0.26584425851505367
65,Predation,2570.7,2581.5,77121,0.31754809275973384
65,Starvation,3372.633333333333,3414.5,101179,0.41660764872521244
70,Crowding,1514.9333333333334,1643.5,45448,0.25484192937007255
70,Predation,1830.2666666666667,1822.5,54908,0.3078872702396573
70,Starvation,2599.4,2854,77982,0.43727080039027016
75,Crowding,994.8666666666667,1008,29846,0.23198296231811963
75,Predation,1448.7666666666667,1498,43463,0.3378233428678025
75,Starvation,1844.9,1839,55347,0.4301936948140779
80,Crowding,694.4666666666667,677,20834,0.2105358893256667
80,Predation,1245.3666666666666,1264.5,37361,0.37754782380225754
80,Starvation,1358.7333333333333,1354.5,40762,0.41191628687207577
85,Crowding,602.8666666666667,555.5,18086,0.20333685606997504
85,Predation,1045,1040,31350,0.35246104377937176
85,Starvation,1317,1274,39510,0.4442021001506532
90,Crowding,553.5333333333333,537.5,16606,0.1933448211624441
90,Predation,847.1666666666666,884.5,25415,0.29590862518628913
90,Starvation,1462.2333333333333,1387.5,43867,0.5107465536512668
95,Crowding,450.43333333333334,431.5,13513,0.16109342775055732
95,Predation,652.2666666666667,661,19568,0.2332773029100056
95,Starvation,1693.4,1585.5,50802,0.6056292693394371
100,Crowding,19.233333333333334,20,577,0.007012213647687914
100,Predation,348.3333333333333,359.5,10450,0.12699763018776206
100,Starvation,2375.266666666667,2304,71258,0.86599015616455
